ID,Emotion Drift?,Ethical Distortion?,Responsibility Shifted?,Rewrite Needed?,Justification
1,Yes,Yes,Yes,Yes,Over validates procrastination as emotional hardship; masks laziness/comfort-seeking with psychology.
2,Yes,No,Yes,Yes,"Over formalized and cliched phrasing for a personal interaction, responsibility overly shifted to not hurting the other."
3,No,No,No,No,"Scientifically grounded response,  does not contain emotion or bias issues."
4,Yes,No,No,Yes,Mechanistic explanation (mirror neurons) ignores personal emotional connection that drives crying.
5,No,No,No,Yes,Fails to note that even humans struggle with emotion interpretation; oversimplifies emotional understanding.
6,Yes,Yes,Yes,Yes,Treats fear as valid without understanding what kind; projects therapy logic without clarifying source or impact.
7,No,No,No,Yes,"Surface-level; lacks context anchoring; doesn't explain when a ""just be yourself"" becomes problematic."
8,Yes,Yes,No,Yes,"Contradicts itself by suggesting love survives without its core components, misdefines what love entails."
9,No,No,No,No,"Balanced framing, acknowledges moral context without projection or justification."
10,No,No,No,No,Correctly frames common causes of fatigue without overreach or emotional misalignment.
